"Data Source","World Development Indicators",

"Last Updated Date","2021-05-25",

"Country Name","Country Code","Indicator Name","Indicator Code","1960","1961","1962","1963","1964","1965","1966","1967","1968","1969","1970","1971","1972","1973","1974","1975","1976","1977","1978","1979","1980","1981","1982","1983","1984","1985","1986","1987","1988","1989","1990","1991","1992","1993","1994","1995","1996","1997","1998","1999","2000","2001","2002","2003","2004","2005","2006","2007","2008","2009","2010","2011","2012","2013","2014","2015","2016","2017","2018","2019","2020",
"Aruba","ABW","Compulsory education, duration (years)","SE.COM.DURS","","","","","","","","","","","","","","","","","","","","","","","","","","","","","","","","","","","","","","","","","","","","","","","","","","","","13","13","13","13","13","13","13","13","13","",
"Afghanistan","AFG","Compulsory education, duration (years)","SE.COM.DURS","","","","","","","","","","","","","","","","","","","","","","","","","","","","","","","","","","","","","","","6","6","6","6","6","6","6","6","6","6","9","9","9","9","9","9","9","9","9","9","9","9","",
"Angola","AGO","Compulsory education, duration (years)","SE.COM.DURS","","","","","","","","","","","","","","","","","","","","","","","","","","","","","","","","","","","","","","","4","4","4","4","4","4","4","4","4","6","6","6","6","6","6","6","6","6","6","6","6","6","",
"Albania","ALB","Compulsory education, duration (years)","SE.COM.DURS","","","","","","","","","","","","","","","","","","","","","","","","","","","","","","","","","","","","","","","8","8","8","8","8","8","8","8","8","8","8","8","8","8","9","9","9","9","9","9","9","9","",
"Andorra","AND","Compulsory education, duration (years)","SE.COM.DURS","","","","","","","","","","","","","","","","","","","","","","","","","","","","","","","","","","","","","","","10","10","10","10","10","10","10","10","10","10","10","10","10","10","10","10","10","10","10","10","10","10","",
"Arab World","ARB","Compulsory education, duration (years)","SE.COM.DURS","","","","","","","","","","","","","","","","","","","","","","","","","","","","","","","","","","","","","","","9","9","9","9","9","9","9","9","9","9","9","9","9","9","9","9","9","9","9","9","9","9","",
"United Arab Emirates","ARE","Compulsory education, duration (years)","SE.COM.DURS","","","","","","","","","","","","","","","","","","","","","","","","","","","","","","","","","","","","","","","","6","6","6","6","6","6","6","6","6","6","6","6","6","6","6","6","6","6","6","6","6","",
"Argentina","ARG","Compulsory education, duration (years)","SE.COM.DURS","","","","","","","","","","","","","","","","","","","","","","","","","","","","","","","","","","","","","","","10","10","10","10","10","10","10","10","13","13","13","13","13","13","13","13","13","14","14","14","14","14","",
"Armenia","ARM","Compulsory education, duration (years)","SE.COM.DURS","","","","","","","","","","","","","","","","","","","","","","","","","","","","","","","","","","","","","","","","10","10","10","10","10","10","10","10","10","10","10","10","11","12","12","12","12","12","12","12","12","12",
"American Samoa","ASM","Compulsory education, duration (years)","SE.COM.DURS","","","","","","","","","","","","","","","","","","","","","","","","","","","","","","","","","","","","","","","","","","","","","","","","","","","","","","","","","","","","","",
"Antigua and Barbuda","ATG","Compulsory education, duration (years)","SE.COM.DURS","","","","","","","","","","","","","","","","","","","","","","","","","","","","","","","","","","","","","","","11","11","11","11","11","11","11","11","11","11","11","11","11","11","11","11","11","11","11","11","11","11","",
"Australia","AUS","Compulsory education, duration (years)","SE.COM.DURS","","","","","","","","","","","","","","","","","","","","","","","","","","","","","","","","","","","","","","","10","10","10","10","10","10","10","10","10","10","10","10","10","10","10","10","10","10","10","10","10","10","",
"Austria","AUT","Compulsory education, duration (years)","SE.COM.DURS","","","","","","","","","","","","","","","","","","","","","","","","","","","","","","","","","","","","","","","9","9","9","9","9","9","9","9","9","9","9","9","9","10","10","10","10","10","10","13","13","13","13",
"Azerbaijan","AZE","Compulsory education, duration (years)","SE.COM.DURS","","","","","","","","","","","","","","","","","","","","","","","","","","","","","","","","","","","","","","","9","9","9","9","9","9","9","9","9","9","9","9","9","9","9","10","10","10","10","10","10","10","10",
"Burundi","BDI","Compulsory education, duration (years)","SE.COM.DURS","","","","","","","","","","","","","","","","","","","","","","","","","","","","","","","","","","","","","","","","","","","","","","","","","","","","","","","","","","","","","",
"Belgium","BEL","Compulsory education, duration (years)","SE.COM.DURS","","","","","","","","","","","","","","","","","","","","","","","","","","","","","","","","","","","","","","","12","12","12","12","12","12","12","12","12","12","12","12","12","12","12","12","12","12","12","12","12","12","12",
"Benin","BEN","Compulsory education, duration (years)","SE.COM.DURS","","","","","","","","","","","","","","","","","","","","","","","","","","","","","","","","","","","","","","","6","6","6","6","6","6","6","6","6","6","6","6","6","6","6","6","6","6","6","6","6","6","",
"Burkina Faso","BFA","Compulsory education, duration (years)","SE.COM.DURS","","","","","","","","","","","","","","","","","","","","","","","","","","","","","","","","","","","","","","","10","10","10","10","10","10","10","10","10","10","10","10","10","10","10","10","10","10","10","10","10","10","",
"Bangladesh","BGD","Compulsory education, duration (years)","SE.COM.DURS","","","","","","","","","","","","","","","","","","","","","","","","","","","","","","","","","","","","","","","5","5","5","5","5","5","5","5","5","5","5","5","5","5","5","5","5","5","5","5","5","5","",
"Bulgaria","BGR","Compulsory education, duration (years)","SE.COM.DURS","","","","","","","","","","","","","","","","","","","","","","","","","","","","","","","","","","","","","","","9","9","9","9","9","9","9","9","9","9","9","9","9","11","11","11","11","11","11","11","11","11","",
"Bahrain","BHR","Compulsory education, duration (years)","SE.COM.DURS","","","","","","","","","","","","","","","","","","","","","","","","","","","","","","","","","","","","","","","","","","","","","9","9","9","9","9","9","9","9","9","9","9","9","9","9","9","9","",
"Bahamas, The","BHS","Compulsory education, duration (years)","SE.COM.DURS","","","","","","","","","","","","","","","","","","","","","","","","","","","","","","","","","","","","","","","12","12","12","12","12","12","12","12","12","12","12","12","12","12","12","12","12","12","12","12","12","12","",
"Bosnia and Herzegovina","BIH","Compulsory education, duration (years)","SE.COM.DURS","","","","","","","","","","","","","","","","","","","","","","","","","","","","","","","","","","","","","","","8","8","8","8","8","8","8","9","9","9","9","9","9","9","9","9","9","9","9","9","9","9","",
"Belarus","BLR","Compulsory education, duration (years)","SE.COM.DURS","","","","","","","","","","","","","","","","","","","","","","","","","","","","","","","","","","","","","","","9","9","9","9","9","9","9","9","9","9","9","9","9","9","9","9","9","9","9","9","9","9","",
"Belize","BLZ","Compulsory education, duration (years)","SE.COM.DURS","","","","","","","","","","","","","","","","","","","","","","","","","","","","","","","","","","","","","","","8","8","8","8","8","8","8","8","8","8","8","8","8","8","8","8","8","8","8","8","8","8","",
"Bermuda","BMU","Compulsory education, duration (years)","SE.COM.DURS","","","","","","","","","","","","","","","","","","","","","","","","","","","","","","","","","","","","","","","13","13","13","13","13","13","13","13","13","13","13","13","13","13","13","13","13","13","13","13","13","13","",
"Bolivia","BOL","Compulsory education, duration (years)","SE.COM.DURS","","","","","","","","","","","","","","","","","","","","","","","","","","","","","","","","","","","","","","","8","8","8","8","8","8","8","8","8","8","8","14","14","14","14","14","14","14","14","14","14","14","",
"Brazil","BRA","Compulsory education, duration (years)","SE.COM.DURS","","","","","","","","","","","","","","","","","","","","","","","","","","","","","","","","","","","","","","","8","8","8","8","8","8","8","8","8","8","8","8","8","8","8","14","14","14","14","14","14","14","",
"Barbados","BRB","Compulsory education, duration (years)","SE.COM.DURS","","","","","","","","","","","","","","","","","","","","","","","","","","","","","","","","","","","","","","","11","11","11","11","11","11","11","11","11","11","11","11","11","11","11","11","11","11","11","11","11","11","",
"Brunei Darussalam","BRN","Compulsory education, duration (years)","SE.COM.DURS","","","","","","","","","","","","","","","","","","","","","","","","","","","","","","","","","","","","","","","","","","","","","","","","9","9","9","9","9","9","9","9","9","9","9","9","9","",
"Bhutan","BTN","Compulsory education, duration (years)","SE.COM.DURS","","","","","","","","","","","","","","","","","","","","","","","","","","","","","","","","","","","","","","","","","","","","","","","","","","","","","","","","","","","","","",
"Botswana","BWA","Compulsory education, duration (years)","SE.COM.DURS","","","","","","","","","","","","","","","","","","","","","","","","","","","","","","","","","","","","","","","","","","","","","","","","","","","","","","","","","","","","","",
"Central African Republic","CAF","Compulsory education, duration (years)","SE.COM.DURS","","","","","","","","","","","","","","","","","","","","","","","","","","","","","","","","","","","","","","","10","10","10","10","10","10","10","10","10","10","10","10","10","10","10","10","10","10","10","10","10","10","",
"Canada","CAN","Compulsory education, duration (years)","SE.COM.DURS","","","","","","","","","","","","","","","","","","","","","","","","","","","","","","","","","","","","","","","10","10","10","10","10","10","10","10","10","10","10","10","10","10","10","10","10","10","10","10","10","10","",
"Central Europe and the Baltics","CEB","Compulsory education, duration (years)","SE.COM.DURS","","","","","","","","","","","","","","","","","","","","","","","","","","","","","","","","","","","","","","","9","9","9","9","9","9.5","9","10","10","10","10","10","10","10","10","10","10","10","10","10","10","10","10",
"Switzerland","CHE","Compulsory education, duration (years)","SE.COM.DURS","","","","","","","","","","","","","","","","","","","","","","","","","","","","","","","","","","","","","","","11","11","11","11","11","11","11","11","11","11","11","11","11","11","11","11","11","11","11","11","11","11","11",
"Channel Islands","CHI","Compulsory education, duration (years)","SE.COM.DURS","","","","","","","","","","","","","","","","","","","","","","","","","","","","","","","","","","","","","","","","","","","","","","","","","","","","","","","","","","","","","",
"Chile","CHL","Compulsory education, duration (years)","SE.COM.DURS","","","","","","","","","","","","","","","","","","","","","","","","","","","","","","","","","","","","","","","8","8","8","8","8","12","12","12","12","12","12","12","12","12","12","12","12","12","12","12","12","12","",
"China","CHN","Compulsory education, duration (years)","SE.COM.DURS","","","","","","","","","","","","","","","","","","","","","","","","","","","","","","","","","","","","","","","9","9","9","9","9","9","9","9","9","9","9","9","9","9","9","9","9","9","9","9","9","9","",
"Cote d'Ivoire","CIV","Compulsory education, duration (years)","SE.COM.DURS","","","","","","","","","","","","","","","","","","","","","","","","","","","","","","","","","","","","","","","10","10","10","10","10","10","10","10","10","10","10","10","10","10","10","10","10","10","10","10","10","10","",
"Cameroon","CMR","Compulsory education, duration (years)","SE.COM.DURS","","","","","","","","","","","","","","","","","","","","","","","","","","","","","","","","","","","","","","","6","6","6","6","6","6","6","6","6","6","6","6","6","6","6","6","6","6","6","6","6","6","",
"Congo, Dem. Rep.","COD","Compulsory education, duration (years)","SE.COM.DURS","","","","","","","","","","","","","","","","","","","","","","","","","","","","","","","","","","","","","","","6","6","6","6","6","6","6","6","6","6","6","6","6","6","6","6","6","6","6","6","6","6","",
"Congo, Rep.","COG","Compulsory education, duration (years)","SE.COM.DURS","","","","","","","","","","","","","","","","","","","","","","","","","","","","","","","","","","","","","","","10","10","10","10","10","10","10","10","10","10","10","10","10","10","10","10","10","10","10","10","10","10","",
"Colombia","COL","Compulsory education, duration (years)","SE.COM.DURS","","","","","","","","","","","","","","","","","","","","","","","","","","","","","","","","","","","","","","","10","10","10","10","10","10","10","10","10","10","10","10","10","10","10","10","10","12","12","12","12","12","",
"Comoros","COM","Compulsory education, duration (years)","SE.COM.DURS","","","","","","","","","","","","","","","","","","","","","","","","","","","","","","","","","","","","6","6","6","6","6","6","6","6","6","6","6","6","6","6","6","6","6","6","6","6","6","6","6","6","6","",
"Cabo Verde","CPV","Compulsory education, duration (years)","SE.COM.DURS","","","","","","","","","","","","","","","","","","","","","","","","","","","","","","","","","","","","","","","6","6","6","6","6","6","6","6","6","6","6","6","10","10","10","10","10","10","10","10","10","10","",
"Costa Rica","CRI","Compulsory education, duration (years)","SE.COM.DURS","","","","","","","","","","","","","","","","","","","","","","","","","","","","","","","","","","","","","","","11","11","11","11","11","11","11","11","11","11","11","11","11","13","13","13","13","13","13","13","13","13","",
"Caribbean small states","CSS","Compulsory education, duration (years)","SE.COM.DURS","","","","","","","","","","","","","","","","","","","","","","","","","","","","","","","","","","","","","","","6","6","6","6","6","6","6","6","6","6","6","6","6","6","6","6","6.5","6.5","6.5","6.5","6.5","6.5","",
"Cuba","CUB","Compulsory education, duration (years)","SE.COM.DURS","","","","","","","","","","","","","","","","","","","","","","","","","","","","","","","","","","","","","","","9","9","9","9","9","9","9","9","9","9","9","9","9","9","9","9","9","9","9","9","9","9","",
"Curacao","CUW","Compulsory education, duration (years)","SE.COM.DURS","","","","","","","","","","","","","","","","","","","","","","","","","","","","","","","","","","","","","","","9","9","9","9","9","9","9","9","9","14","14","14","14","14","14","14","14","14","14","14","14","14","",
"Cayman Islands","CYM","Compulsory education, duration (years)","SE.COM.DURS","","","","","","","","","","","","","","","","","","","","","","","","","","","","","","","","","","","","","","","12","12","12","12","12","12","12","12","12","12","12","12","12","12","12","12","12","12","12","12","12","12","",
"Cyprus","CYP","Compulsory education, duration (years)","SE.COM.DURS","","","","","","","","","","","","","","","","","","","","","","","","","","","","","","","","","","","","","","","9","9","9","9","9","9","9","10","10","10","10","10","10","10","10","10","10","10","10","10","10","10","10",
"Czech Republic","CZE","Compulsory education, duration (years)","SE.COM.DURS","","","","","","","","","","","","","","","","","","","","","","","","","","","","","","","","","","","","","","","","","","","","","9","9","9","9","9","9","9","9","9","9","9","9","9","9","9","9","9",
"Germany","DEU","Compulsory education, duration (years)","SE.COM.DURS","","","","","","","","","","","","","","","","","","","","","","","","","","","","","","","","","","","","","","","13","13","13","13","13","13","13","13","13","13","13","13","13","13","13","13","13","13","13","13","13","13","13",
"Djibouti","DJI","Compulsory education, duration (years)","SE.COM.DURS","","","","","","","","","","","","","","","","","","","","","","","","","","","","","","","","","","","","","","","","","10","10","10","10","10","10","10","10","10","10","10","10","10","10","10","10","10","10","10","10","10",
"Dominica","DMA","Compulsory education, duration (years)","SE.COM.DURS","","","","","","","","","","","","","","","","","","","","","","","","","","","","","","","","","","","","","","","12","12","12","12","12","12","12","12","12","12","12","12","12","12","12","12","12","12","12","12","12","12","",
"Denmark","DNK","Compulsory education, duration (years)","SE.COM.DURS","","","","","","","","","","","","","","","","","","","","","","","","","","","","","","","","","","","","","","","9","9","9","9","9","9","9","9","9","9","9","9","9","10","10","10","10","10","10","10","10","10","10",
"Dominican Republic","DOM","Compulsory education, duration (years)","SE.COM.DURS","","","","","","","","","","","","","","","","","","","","","","","","","","","","","","","","","","","","","","","9","9","9","9","9","9","9","9","9","9","9","9","15","15","15","15","15","15","15","15","15","15","",
"Algeria","DZA","Compulsory education, duration (years)","SE.COM.DURS","","","","","","","","","","","","","","","","","","","","","","","","","","","","","","","","","","","","","","","10","10","10","10","10","10","10","10","10","10","10","10","10","10","10","10","10","10","10","10","10","10","10",
"East Asia & Pacific (excluding high income)","EAP","Compulsory education, duration (years)","SE.COM.DURS","","","","","","","","","","","","","","","","","","","","","","","","","","","","","","","","","","","","","","","8","8.5","8.5","8.5","9","9","9","9","9","9","9","9","9","9","9","9","9","9","9","9","9","9","",
"Early-demographic dividend","EAR","Compulsory education, duration (years)","SE.COM.DURS","","","","","","","","","","","","","","","","","","","","","","","","","","","","","","","","","","","","","","","9","9","9","9","9","9","9","9","9","9","9","9","9","9","9","10","10","10","10","10","10","10","",
"East Asia & Pacific","EAS","Compulsory education, duration (years)","SE.COM.DURS","","","","","","","","","","","","","","","","","","","","","","","","","","","","","","","","","","","","","","","9","9","9","9","9","9","9","9","9","9","9","9","9","9","9","9","9","9","9","9","9","9","",
"Europe & Central Asia (excluding high income)","ECA","Compulsory education, duration (years)","SE.COM.DURS","","","","","","","","","","","","","","","","","","","","","","","","","","","","","","","","","","","","","","","9","9","9","9","9","9","9","9","9","9","9","9","9","9","9","9.5","10","10","10","10.5","10.5","10.5","",
"Europe & Central Asia","ECS","Compulsory education, duration (years)","SE.COM.DURS","","","","","","","","","","","","","","","","","","","","","","","","","","","","","","","","","","","","","","","9","9","9","9","9","9","9","9","9","9","9","10","10","10","10","10","10","10","10","10","10","10","10",
"Ecuador","ECU","Compulsory education, duration (years)","SE.COM.DURS","","","","","","","","","","","","","","","","","","","","","","","","","","","","","","","","","","","","","","","10","10","10","10","10","10","10","10","10","10","10","10","15","15","15","15","15","15","15","15","15","15","",
"Egypt, Arab Rep.","EGY","Compulsory education, duration (years)","SE.COM.DURS","","","","","","","","","","","","","","","","","","","","","","","","","","","","","","","","","","","","","","","9","9","9","9","9","9","9","9","9","9","9","9","9","9","9","9","9","12","12","12","12","12","",
"Euro area","EMU","Compulsory education, duration (years)","SE.COM.DURS","","","","","","","","","","","","","","","","","","","","","","","","","","","","","","","","","","","","","","","9.5","9.5","10","10","10","10","10","10","10","10","10","10","10","10","10","10","10","10","10","10","10","10","10",
"Eritrea","ERI","Compulsory education, duration (years)","SE.COM.DURS","","","","","","","","","","","","","","","","","","","","","","","","","","","","","","","","","","","","","","","","","","","","","","","","","","","8","8","8","8","8","8","8","8","8","8","",
"Spain","ESP","Compulsory education, duration (years)","SE.COM.DURS","","","","","","","","","","","","","","","","","","","","","","","","","","","","","","","","","","","","","","","10","10","10","10","10","10","10","10","10","10","10","10","10","10","10","10","10","10","10","10","10","10","10",
"Estonia","EST","Compulsory education, duration (years)","SE.COM.DURS","","","","","","","","","","","","","","","","","","","","","","","","","","","","","","","","","","","","","","","9","9","9","9","9","9","9","9","9","9","9","9","9","9","9","9","9","9","9","9","9","9","9",
"Ethiopia","ETH","Compulsory education, duration (years)","SE.COM.DURS","","","","","","","","","","","","","","","","","","","","","","","","","","","","","","","","","","","","","","","8","8","8","8","8","8","8","8","8","8","8","8","8","8","8","8","8","8","8","8","8","8","",
"European Union","EUU","Compulsory education, duration (years)","SE.COM.DURS","","","","","","","","","","","","","","","","","","","","","","","","","","","","","","","","","","","","","","","9","9","9","9","9","10","9","10","10","10","10","10","10","10","10","10","10","10","10","10","10","10","10",
"Fragile and conflict affected situations","FCS","Compulsory education, duration (years)","SE.COM.DURS","","","","","","","","","","","","","","","","","","","","","","","","","","","","","","","","","","","","","","","6","6","6","7","9","9","9","9","9","9","9","9","9","9","9","9","9","9","9","9","9","9","",
"Finland","FIN","Compulsory education, duration (years)","SE.COM.DURS","","","","","","","","","","","","","","","","","","","","","","","","","","","","","","","","","","","","","","","9","9","9","9","9","9","9","9","9","9","9","9","9","9","9","9","9","9","10","10","10","10","10",
"Fiji","FJI","Compulsory education, duration (years)","SE.COM.DURS","","","","","","","","","","","","","","","","","","","","","","","","","","","","","","","","","","","","","","","","","","","","","","","","","","","","","","","","","","","","","",
"France","FRA","Compulsory education, duration (years)","SE.COM.DURS","","","","","","","","","","","","","","","","","","","","","","","","","","","","","","","","","","","","","","","10","10","10","10","10","10","10","10","10","10","10","10","10","10","10","10","10","10","10","10","10","10","15",
"Faroe Islands","FRO","Compulsory education, duration (years)","SE.COM.DURS","","","","","","","","","","","","","","","","","","","","","","","","","","","","","","","","","","","","","","","","","","","","","","","","","","","9","9","9","9","9","9","9","9","9","9","",
"Micronesia, Fed. Sts.","FSM","Compulsory education, duration (years)","SE.COM.DURS","","","","","","","","","","","","","","","","","","","","","","","","","","","","","","","","","","","","","","","","","","","","","","","","","","","","","","","","","8","8","8","8","",
"Gabon","GAB","Compulsory education, duration (years)","SE.COM.DURS","","","","","","","","","","","","","","","","","","","","","","","","","","","","","","","","","","","","","","","10","10","10","10","10","10","10","10","10","10","10","10","10","10","10","10","10","10","10","10","10","10","",
"United Kingdom","GBR","Compulsory education, duration (years)","SE.COM.DURS","","","","","","","","","","","","","","","","","","","","","","","","","","","","","","","","","","","","","","","11","11","11","11","11","11","11","11","11","11","11","11","11","11","11","11","11","11","11","11","11","11","11",
"Georgia","GEO","Compulsory education, duration (years)","SE.COM.DURS","","","","","","","","","","","","","","","","","","","","","","","","","","","","","","","","","","","","","","","6","6","6","6","6","6","6","9","9","9","9","9","9","9","9","9","9","9","9","9","9","9","9",
"Ghana","GHA","Compulsory education, duration (years)","SE.COM.DURS","","","","","","","","","","","","","","","","","","","","","","","","","","","","","","","","","","","","","","","9","9","9","9","9","9","9","9","9","11","11","11","11","11","11","11","11","11","11","11","11","11","",
"Gibraltar","GIB","Compulsory education, duration (years)","SE.COM.DURS","","","","","","","","","","","","","","","","","","","","","","","","","","","","","","","","","","","","","","","10","10","10","10","10","10","10","10","10","10","10","10","10","10","10","10","10","10","10","10","10","10","",
"Guinea","GIN","Compulsory education, duration (years)","SE.COM.DURS","","","","","","","","","","","","","","","","","","","","","","","","","","","","","","","","","","","","","","","6","6","6","6","6","6","6","6","6","6","6","6","6","6","6","6","6","6","6","6","6","6","",
"Gambia, The","GMB","Compulsory education, duration (years)","SE.COM.DURS","","","","","","","","","","","","","","","","","","","","","","","","","","","","","","","","","","","","","","","9","9","9","9","9","9","9","9","9","9","9","9","9","9","9","9","9","9","9","9","9","9","",
"Guinea-Bissau","GNB","Compulsory education, duration (years)","SE.COM.DURS","","","","","","","","","","","","","","","","","","","","","","","","","","","","","","","","","","","","","","","6","6","6","9","9","9","9","9","9","9","9","9","9","9","9","9","9","9","9","9","9","9","",
"Equatorial Guinea","GNQ","Compulsory education, duration (years)","SE.COM.DURS","","","","","","","","","","","","","","","","","","","","","","","","","","","","","","","","","","","","","","5","5","5","5","5","5","5","5","5","5","6","6","6","6","6","6","6","6","6","6","6","6","6","",
"Greece","GRC","Compulsory education, duration (years)","SE.COM.DURS","","","","","","","","","","","","","","","","","","","","","","","","","","","","","","","","","","","","","","","9","9","9","9","9","9","9","9","9","9","10","10","10","10","10","10","10","10","10","10","10","10","10",
"Grenada","GRD","Compulsory education, duration (years)","SE.COM.DURS","","","","","","","","","","","","","","","","","","","","","","","","","","","","","","","","","","","","","","","9","9","9","9","12","12","12","12","12","12","12","12","12","12","12","12","12","12","12","12","12","12","",
"Greenland","GRL","Compulsory education, duration (years)","SE.COM.DURS","","","","","","","","","","","","","","","","","","","","","","","","","","","","","","","","","","","","","","","","","","","","","","","","","","","","","","10","10","10","10","10","10","10","",
"Guatemala","GTM","Compulsory education, duration (years)","SE.COM.DURS","","","","","","","","","","","","","","","","","","","","","","","","","","","","","","","","","","","","","","","16","16","16","16","16","16","16","16","16","16","16","16","16","16","16","16","16","16","16","16","16","16","",
"Guam","GUM","Compulsory education, duration (years)","SE.COM.DURS","","","","","","","","","","","","","","","","","","","","","","","","","","","","","","","","","","","","","","","0","0","","","","","","","","","","","","","","","","","","","0","0","",
"Guyana","GUY","Compulsory education, duration (years)","SE.COM.DURS","","","","","","","","","","","","","","","","","","","","","","","","","","","","","","","","","","","","","","","6","6","6","6","6","6","6","6","6","6","6","6","6","6","6","6","6","6","6","6","6","6","",
"High income","HIC","Compulsory education, duration (years)","SE.COM.DURS","","","","","","","","","","","","","","","","","","","","","","","","","","","","","","","","","","","","","","","9","9","9","9","9","10","10","10","10","10","10","10","10","10","10","10","10","10","10","10","10","10","10",
"Hong Kong SAR, China","HKG","Compulsory education, duration (years)","SE.COM.DURS","","","","","","","","","","","","","","","","","","","","","","","","","","","","","","","","","","","","","","","9","9","9","9","9","9","9","9","9","9","9","9","9","9","9","9","9","9","9","9","9","9","",
"Honduras","HND","Compulsory education, duration (years)","SE.COM.DURS","","","","","","","","","","","","","","","","","","","","","","","","","","","","","","","","","","","","","","","9","9","9","9","9","9","9","9","9","9","9","9","9","12","12","12","12","12","12","12","12","12","",
"Heavily indebted poor countries (HIPC)","HPC","Compulsory education, duration (years)","SE.COM.DURS","","","","","","","","","","","","","","","","","","","","","","","","","","","","","","","","","","","","","","","7","7","7","8","8","7.5","8","8","8","8","8","9","8.5","8.5","8.5","8.5","8.5","8.5","8.5","8.5","8.5","8.5","",
"Croatia","HRV","Compulsory education, duration (years)","SE.COM.DURS","","","","","","","","","","","","","","","","","","","","","","","","","","","","","","","","","","","","","","","8","8","8","8","8","8","8","8","8","8","8","8","8","8","8","8","8","8","8","8","8","8","",
"Haiti","HTI","Compulsory education, duration (years)","SE.COM.DURS","","","","","","","","","","","","","","","","","","","","","","","","","","","","","","","","","","","","","","6","6","6","6","6","6","6","6","6","6","6","6","6","6","6","6","6","6","6","6","6","6","6","",
"Hungary","HUN","Compulsory education, duration (years)","SE.COM.DURS","","","","","","","","","","","","","","","","","","","","","","","","","","","","","","","","","","","","","","","","13","13","13","13","13","13","13","13","13","13","13","13","13","13","11","11","13","13","13","13","13","13",
"IBRD only","IBD","Compulsory education, duration (years)","SE.COM.DURS","","","","","","","","","","","","","","","","","","","","","","","","","","","","","","","","","","","","","","","9","9","9","9","9","9","9","9","9","9","9","9","9","9","9","10","10","10","10","10","10","10","",
"IDA & IBRD total","IBT","Compulsory education, duration (years)","SE.COM.DURS","","","","","","","","","","","","","","","","","","","","","","","","","","","","","","","","","","","","","","","8","9","9","9","9","9","9","9","9","9","9","9","9","9","9","9","9","9","9","9","9","9","",
"IDA total","IDA","Compulsory education, duration (years)","SE.COM.DURS","","","","","","","","","","","","","","","","","","","","","","","","","","","","","","","","","","","","","","","7","7","7","8","8","8","8.5","8","8.5","8.5","9","9","8.5","8.5","8.5","9","9","9","9","9","9","9","",
"IDA blend","IDB","Compulsory education, duration (years)","SE.COM.DURS","","","","","","","","","","","","","","","","","","","","","","","","","","","","","","","","","","","","","","","9","9","9","9","9","9","9","9","8.5","8.5","9","9","9","9","9","9.5","9.5","9.5","9.5","9.5","9.5","9.5","",
"Indonesia","IDN","Compulsory education, duration (years)","SE.COM.DURS","","","","","","","","","","","","","","","","","","","","","","","","","","","","","","","","","","","","","","","","","","","9","9","9","9","9","9","9","9","9","9","9","9","9","9","9","9","9","9","",
"IDA only","IDX","Compulsory education, duration (years)","SE.COM.DURS","","","","","","","","","","","","","","","","","","","","","","","","","","","","","","","","","","","","","","","6.5","6.5","6.5","7","8","7.5","8","8","8.5","8.5","8.5","8.5","8","8","8","8","8","8","9","9","9","9","",
"Isle of Man","IMN","Compulsory education, duration (years)","SE.COM.DURS","","","","","","","","","","","","","","","","","","","","","","","","","","","","","","","","","","","","","","","","","","","","","","","","","","","","","","","","","","","","","",
"India","IND","Compulsory education, duration (years)","SE.COM.DURS","","","","","","","","","","","","","","","","","","","","","","","","","","","","","","","","","","","","","","","","","","","","","","","","","","8","8","8","8","8","8","8","8","8","8","8","",
"Not classified","INX","Compulsory education, duration (years)","SE.COM.DURS","","","","","","","","","","","","","","","","","","","","","","","","","","","","","","","","","","","","","","","","","","","","","","","","","","","","","","","","","","","","","",
"Ireland","IRL","Compulsory education, duration (years)","SE.COM.DURS","","","","","","","","","","","","","","","","","","","","","","","","","","","","","","","","","","","","","","","8","8","10","10","10","10","10","10","10","10","10","10","10","10","10","10","10","10","10","10","10","10","10",
"Iran, Islamic Rep.","IRN","Compulsory education, duration (years)","SE.COM.DURS","","","","","","","","","","","","","","","","","","","","","","","","","","","","","","","","","","","","","","","5","5","5","5","5","5","5","8","8","8","8","8","8","8","8","9","9","9","9","9","9","9","",
"Iraq","IRQ","Compulsory education, duration (years)","SE.COM.DURS","","","","","","","","","","","","","","","","","","","","","","","","","","","","","","","","","","","","","","","6","6","6","6","6","6","6","6","6","6","6","6","6","6","6","6","6","6","6","6","6","6","",
"Iceland","ISL","Compulsory education, duration (years)","SE.COM.DURS","","","","","","","","","","","","","","","","","","","","","","","","","","","","","","","","","","","","","","","10","10","10","10","10","10","10","10","10","10","10","10","10","10","10","10","10","10","10","10","10","10","10",
"Israel","ISR","Compulsory education, duration (years)","SE.COM.DURS","","","","","","","","","","","","","","","","","","","","","","","","","","","","","","","","","","","","","","","11","11","11","11","11","11","11","11","11","11","11","13","13","13","13","13","13","13","15","15","15","15","",
"Italy","ITA","Compulsory education, duration (years)","SE.COM.DURS","","","","","","","","","","","","","","","","","","","","","","","","","","","","","","","","","","","","","","","8","8","8","8","8","12","12","12","12","12","12","12","12","12","12","12","12","12","12","12","12","12","12",
"Jamaica","JAM","Compulsory education, duration (years)","SE.COM.DURS","","","","","","","","","","","","","","","","","","","","","","","","","","","","","","","","","","","","","","","6","6","6","6","6","6","6","6","6","6","6","6","6","6","6","6","6","6","6","6","6","6","",
"Jordan","JOR","Compulsory education, duration (years)","SE.COM.DURS","","","","","","","","","","","","","","","","","","","","","","","","","","","","","","","","","","","","","","","10","10","10","10","10","10","10","10","10","10","10","10","10","10","10","10","10","10","10","10","10","10","",
"Japan","JPN","Compulsory education, duration (years)","SE.COM.DURS","","","","","","","","","","","","","","","","","","","","","","","","","","","","","","","","","","","","","","","9","9","9","9","9","9","9","9","9","9","9","9","9","9","9","9","9","9","9","9","9","9","",
"Kazakhstan","KAZ","Compulsory education, duration (years)","SE.COM.DURS","","","","","","","","","","","","","","","","","","","","","","","","","","","","","","","","","","","","","","","9","9","9","9","9","9","9","9","9","9","9","9","9","9","9","9","9","9","9","9","9","9","9",
"Kenya","KEN","Compulsory education, duration (years)","SE.COM.DURS","","","","","","","","","","","","","","","","","","","","","","","","","","","","","","","","","","","","","","","8","8","8","8","8","8","8","8","8","8","8","8","8","8","8","12","12","12","12","12","12","12","",
"Kyrgyz Republic","KGZ","Compulsory education, duration (years)","SE.COM.DURS","","","","","","","","","","","","","","","","","","","","","","","","","","","","","","","","","","","","","","","9","9","9","9","9","9","9","9","9","9","9","9","9","9","9","9","10","10","10","10","10","10","10",
"Cambodia","KHM","Compulsory education, duration (years)","SE.COM.DURS","","","","","","","","","","","","","","","","","","","","","","","","","","","","","","","","","","","","","","","","","","","","","","","","","","","","","","","","","","","","","",
"Kiribati","KIR","Compulsory education, duration (years)","SE.COM.DURS","","","","","","","","","","","","","","","","","","","","","","","","","","","","","","","","","","","","","","","","","","","","","","","","","","","","","","9","9","9","9","9","9","9","",
"St. Kitts and Nevis","KNA","Compulsory education, duration (years)","SE.COM.DURS","","","","","","","","","","","","","","","","","","","","","","","","","","","","","","","","","","","","","","","12","12","12","12","12","12","12","12","12","12","12","12","12","12","12","12","12","12","12","12","12","12","",
"Korea, Rep.","KOR","Compulsory education, duration (years)","SE.COM.DURS","","","","","","","","","","","","","","","","","","","","","","","","","","","","","","","","","","","","","","6","6","6","6","6","7","8","9","9","9","9","9","9","9","9","9","9","9","9","9","9","9","9","",
"Kuwait","KWT","Compulsory education, duration (years)","SE.COM.DURS","","","","","","","","","","","","","","","","","","","","","","","","","","","","","","","","","","","","","","","9","9","9","9","9","9","9","9","9","9","9","9","9","9","9","9","9","9","9","9","9","9","",
"Latin America & Caribbean (excluding high income)","LAC","Compulsory education, duration (years)","SE.COM.DURS","","","","","","","","","","","","","","","","","","","","","","","","","","","","","","","","","","","","","","","9","9","9","9","9","9","9","9","9","9","9","9.5","10.5","12","13","13","13.5","14","14","14","14","14","",
"Lao PDR","LAO","Compulsory education, duration (years)","SE.COM.DURS","","","","","","","","","","","","","","","","","","","","","","","","","","","","","","","","","","","","","","","5","5","5","5","5","5","5","5","5","5","5","5","5","5","5","5","5","5","9","9","9","9","",
"Lebanon","LBN","Compulsory education, duration (years)","SE.COM.DURS","","","","","","","","","","","","","","","","","","","","","","","","","","","","","","","","","","","","","","","6","6","6","6","9","9","9","9","9","9","9","9","9","9","9","10","10","10","10","10","10","10","",
"Liberia","LBR","Compulsory education, duration (years)","SE.COM.DURS","","","","","","","","","","","","","","","","","","","","","","","","","","","","","","","","","","","","","","","","","","","","6","6","6","6","6","6","6","6","6","6","6","6","6","6","6","6","6","",
"Libya","LBY","Compulsory education, duration (years)","SE.COM.DURS","","","","","","","","","","","","","","","","","","","","","","","","","","","","","","","","","","","","","","","9","9","9","9","9","9","9","9","9","9","9","9","9","9","9","9","9","9","9","9","9","9","",
"St. Lucia","LCA","Compulsory education, duration (years)","SE.COM.DURS","","","","","","","","","","","","","","","","","","","","","","","","","","","","","","","","","","","","","","","10","10","10","10","10","10","10","10","10","10","10","10","10","10","10","10","10","10","10","10","10","10","",
"Latin America & Caribbean","LCN","Compulsory education, duration (years)","SE.COM.DURS","","","","","","","","","","","","","","","","","","","","","","","","","","","","","","","","","","","","","","","9","9","9","9","9","9","9","9","9","9","10","10","11","12","13","13","13","13","13","13","13","13","",
"Least developed countries: UN classification","LDC","Compulsory education, duration (years)","SE.COM.DURS","","","","","","","","","","","","","","","","","","","","","","","","","","","","","","","","","","","","","","","6","6","6","6","6","6","7","6.5","7","7","8","8","8","8","8","8","8","8","8","8","8","8","",
"Low income","LIC","Compulsory education, duration (years)","SE.COM.DURS","","","","","","","","","","","","","","","","","","","","","","","","","","","","","","","","","","","","","","","8","8","8","8","9","8.5","9","8.5","9","9","9","9","9","9","9","9","9","9","9","9","9","9","",
"Liechtenstein","LIE","Compulsory education, duration (years)","SE.COM.DURS","","","","","","","","","","","","","","","","","","","","","","","","","","","","","","","","","","","","","","","9","9","9","9","9","9","9","9","9","9","9","9","9","9","9","9","9","9","9","9","9","9","",
"Sri Lanka","LKA","Compulsory education, duration (years)","SE.COM.DURS","","","","","","","","","","","","","","","","","","","","","","","","","","","","","","","","","","","","","","","9","9","9","9","9","9","9","9","9","9","9","9","9","9","9","9","9","9","11","11","11","11","",
"Lower middle income","LMC","Compulsory education, duration (years)","SE.COM.DURS","","","","","","","","","","","","","","","","","","","","","","","","","","","","","","","","","","","","","","","8","8","9","9","9","9","9","9","9","9","9","9","9","9","9","9","9","9","10","10","10","10","",
"Low & middle income","LMY","Compulsory education, duration (years)","SE.COM.DURS","","","","","","","","","","","","","","","","","","","","","","","","","","","","","","","","","","","","","","","9","9","9","9","9","9","9","9","9","9","9","9","9","9","9","9","9","9","9","9","9","9","",
"Lesotho","LSO","Compulsory education, duration (years)","SE.COM.DURS","","","","","","","","","","","","","","","","","","","","","","","","","","","","","","","","","","","","","","","","","","","","","","","","","","","7","7","7","7","7","7","7","7","7","7","",
"Late-demographic dividend","LTE","Compulsory education, duration (years)","SE.COM.DURS","","","","","","","","","","","","","","","","","","","","","","","","","","","","","","","","","","","","","","","9","9","9","9","9","9","9","9","9","9","9","9","9","9","9","10","10","10","10","10","10","10","",
"Lithuania","LTU","Compulsory education, duration (years)","SE.COM.DURS","","","","","","","","","","","","","","","","","","","","","","","","","","","","","","","","","","","","","","","10","10","10","10","10","10","10","10","10","10","10","10","10","10","10","10","10","10","10","10","10","10","10",
"Luxembourg","LUX","Compulsory education, duration (years)","SE.COM.DURS","","","","","","","","","","","","","","","","","","","","","","","","","","","","","","","","","","","","","","","11","11","11","11","11","11","11","11","11","11","11","12","12","12","12","12","12","12","12","12","12","12","12",
"Latvia","LVA","Compulsory education, duration (years)","SE.COM.DURS","","","","","","","","","","","","","","","","","","","","","","","","","","","","","","","","","","","","","","","11","11","11","11","11","11","11","11","11","11","11","11","11","11","11","11","11","11","11","11","11","11","11",
"Macao SAR, China","MAC","Compulsory education, duration (years)","SE.COM.DURS","","","","","","","","","","","","","","","","","","","","","","","","","","","","","","","","","","","","","","","10","10","10","10","10","10","10","10","10","10","10","10","10","10","10","10","10","10","10","10","10","10","",
"St. Martin (French part)","MAF","Compulsory education, duration (years)","SE.COM.DURS","","","","","","","","","","","","","","","","","","","","","","","","","","","","","","","","","","","","","","","","","","","","","","","","","","","","","","","","","","","","","",
"Morocco","MAR","Compulsory education, duration (years)","SE.COM.DURS","","","","","","","","","","","","","","","","","","","","","","","","","","","","","","","","","","","","","","","6","6","9","9","9","9","9","9","9","9","9","9","9","9","9","9","9","9","9","9","9","9","",
"Monaco","MCO","Compulsory education, duration (years)","SE.COM.DURS","","","","","","","","","","","","","","","","","","","","","","","","","","","","","","","","","","","","","","","","","","","","","","","","11","11","11","11","11","11","11","11","11","11","11","11","11","11",
"Moldova","MDA","Compulsory education, duration (years)","SE.COM.DURS","","","","","","","","","","","","","","","","","","","","","","","","","","","","","","","","","","","","","","","9","9","9","9","9","9","9","9","9","9","9","9","9","9","9","9","9","9","9","11","11","11","",
"Madagascar","MDG","Compulsory education, duration (years)","SE.COM.DURS","","","","","","","","","","","","","","","","","","","","","","","","","","","","","","","","","","","","","","","5","5","5","5","5","5","5","5","5","5","5","5","5","5","5","5","5","5","5","5","5","5","",
"Maldives","MDV","Compulsory education, duration (years)","SE.COM.DURS","","","","","","","","","","","","","","","","","","","","","","","","","","","","","","","","","","","","","","","7","7","7","7","7","7","7","7","7","7","7","7","7","7","7","7","7","7","7","7","7","7","",
"Middle East & North Africa","MEA","Compulsory education, duration (years)","SE.COM.DURS","","","","","","","","","","","","","","","","","","","","","","","","","","","","","","","","","","","","","","","9","9","9","9","9","9","9","9","9","9","9","9","9","9","9","9","9","9","9","9","9","9","",
"Mexico","MEX","Compulsory education, duration (years)","SE.COM.DURS","","","","","","","","","","","","","","","","","","","","","","","","","","","","","","","","","","","","","","","9","9","9","11","11","11","11","11","11","11","11","11","11","11","14","14","14","14","14","14","14","14","",
"Marshall Islands","MHL","Compulsory education, duration (years)","SE.COM.DURS","","","","","","","","","","","","","","","","","","","","","","","","","","","","","","","","","","","","","","","9","9","9","9","9","9","9","9","9","9","9","9","9","9","9","9","9","13","13","13","13","13","",
"Middle income","MIC","Compulsory education, duration (years)","SE.COM.DURS","","","","","","","","","","","","","","","","","","","","","","","","","","","","","","","","","","","","","","","9","9","9","9","9","9","9","9","9","9","9","9","9","9","9","9","9","10","10","10","10","10","",
"North Macedonia","MKD","Compulsory education, duration (years)","SE.COM.DURS","","","","","","","","","","","","","","","","","","","","","","","","","","","","","","","","","","","","","","","","","","","","","9","9","9","9","9","9","13","13","13","13","13","13","13","13","13","13","",
"Mali","MLI","Compulsory education, duration (years)","SE.COM.DURS","","","","","","","","","","","","","","","","","","","","","","","","","","","","","","","","","","","","","","","9","9","9","9","9","9","9","9","9","9","9","9","9","9","9","9","9","9","9","9","9","9","",
"Malta","MLT","Compulsory education, duration (years)","SE.COM.DURS","","","","","","","","","","","","","","","","","","","","","","","","","","","","","","","","","","","","","","","11","11","11","11","11","11","11","11","11","11","11","11","11","11","11","11","11","11","11","11","11","11","",
"Myanmar","MMR","Compulsory education, duration (years)","SE.COM.DURS","","","","","","","","","","","","","","","","","","","","","","","","","","","","","","","","","","","","","","","5","5","5","5","5","5","5","5","5","5","5","5","5","5","5","5","5","5","5","5","5","5","",
"Middle East & North Africa (excluding high income)","MNA","Compulsory education, duration (years)","SE.COM.DURS","","","","","","","","","","","","","","","","","","","","","","","","","","","","","","","","","","","","","","","9","9","9","9","9","9","9","9","9","9","9","9","9","9","9","9","9","9","9","9","9","9","",
"Montenegro","MNE","Compulsory education, duration (years)","SE.COM.DURS","","","","","","","","","","","","","","","","","","","","","","","","","","","","","","","","","","","","","","","","","","9","9","9","9","9","9","9","9","9","9","9","9","9","9","9","9","9","9","9","",
"Mongolia","MNG","Compulsory education, duration (years)","SE.COM.DURS","","","","","","","","","","","","","","","","","","","","","","","","","","","","","","","","","","","","","","","8","8","8","8","9","9","9","9","12","12","12","12","12","12","12","12","12","12","12","12","12","12","",
"Northern Mariana Islands","MNP","Compulsory education, duration (years)","SE.COM.DURS","","","","","","","","","","","","","","","","","","","","","","","","","","","","","","","","","","","","","","","","","","","","","","","","","","","","","","","","","","","","","",
"Mozambique","MOZ","Compulsory education, duration (years)","SE.COM.DURS","","","","","","","","","","","","","","","","","","","","","","","","","","","","","","","","","","","","","","","","","","","","","","","","","","","","","","","","","","","","","",
"Mauritania","MRT","Compulsory education, duration (years)","SE.COM.DURS","","","","","","","","","","","","","","","","","","","","","","","","","","","","","","","","","","","","","","","","","","9","9","9","9","9","9","9","9","9","9","9","9","9","9","9","9","9","9","9","",
"Mauritius","MUS","Compulsory education, duration (years)","SE.COM.DURS","","","","","","","","","","","","","","","","","","","","","","","","","","","","","","","","","","","","","","","6","6","6","6","6","6","11","11","11","11","11","11","11","11","11","11","11","11","11","11","11","11","",
"Malawi","MWI","Compulsory education, duration (years)","SE.COM.DURS","","","","","","","","","","","","","","","","","","","","","","","","","","","","","","","","","","","","","","","8","8","8","8","8","8","8","8","8","8","8","8","8","8","8","8","8","8","8","8","8","8","",
"Malaysia","MYS","Compulsory education, duration (years)","SE.COM.DURS","","","","","","","","","","","","","","","","","","","","","","","","","","","","","","","","","","","","","","","","","","","","6","6","6","6","6","6","6","6","6","6","6","6","6","6","6","6","6","",
"North America","NAC","Compulsory education, duration (years)","SE.COM.DURS","","","","","","","","","","","","","","","","","","","","","","","","","","","","","","","","","","","","","","","11","11","11","11","11","11","11","11","11","11","11","11","11","11","11","11","11","11","11","11","11","11","",
"Namibia","NAM","Compulsory education, duration (years)","SE.COM.DURS","","","","","","","","","","","","","","","","","","","","","","","","","","","","","","","","","","","","","","","7","7","7","7","7","7","7","7","7","7","7","7","7","7","7","7","7","7","7","7","7","7","",
"New Caledonia","NCL","Compulsory education, duration (years)","SE.COM.DURS","","","","","","","","","","","","","","","","","","","","","","","","","","","","","","","","","","","","","","","0","0","","","","","","","","","","","","","","","","","","","0","0","",
"Niger","NER","Compulsory education, duration (years)","SE.COM.DURS","","","","","","","","","","","","","","","","","","","","","","","","","","","","","","","","","","","","","","","","","","","","","","","","","","","","","","","","","","","","","",
"Nigeria","NGA","Compulsory education, duration (years)","SE.COM.DURS","","","","","","","","","","","","","","","","","","","","","","","","","","","","","","","","","","","","","","","","","","","","","9","9","9","9","9","9","9","9","9","9","9","9","9","9","9","9","",
"Nicaragua","NIC","Compulsory education, duration (years)","SE.COM.DURS","","","","","","","","","","","","","","","","","","","","","","","","","","","","","","","","","","","","","","","6","6","6","6","6","6","6","6","7","7","7","7","7","7","7","7","7","7","7","7","7","7","",
"Netherlands","NLD","Compulsory education, duration (years)","SE.COM.DURS","","","","","","","","","","","","","","","","","","","","","","","","","","","","","","","","","","","","","","13","13","13","13","13","13","13","13","13","13","13","13","13","13","13","13","13","13","13","13","13","13","13","13",
"Norway","NOR","Compulsory education, duration (years)","SE.COM.DURS","","","","","","","","","","","","","","","","","","","","","","","","","","","","","","","","","","","","","","","10","10","10","10","10","10","10","10","10","10","10","10","10","10","10","10","10","10","10","10","10","10","10",
"Nepal","NPL","Compulsory education, duration (years)","SE.COM.DURS","","","","","","","","","","","","","","","","","","","","","","","","","","","","","","","","","","","","","","","","","","","","","","","","","","","","","","","","10","10","10","10","10","",
"Nauru","NRU","Compulsory education, duration (years)","SE.COM.DURS","","","","","","","","","","","","","","","","","","","","","","","","","","","","","","","","","","","","","","","10","10","10","10","10","10","10","10","10","10","10","10","10","14","14","14","14","14","14","14","14","14","",
"New Zealand","NZL","Compulsory education, duration (years)","SE.COM.DURS","","","","","","","","","","","","","","","","","","","","","","","","","","","","","","","","","","","","","","","10","10","10","10","10","10","10","10","10","10","10","10","10","10","10","10","10","10","10","10","10","10","",
"OECD members","OED","Compulsory education, duration (years)","SE.COM.DURS","","","","","","","","","","","","","","","","","","","","","","","","","","","","","","","","","","","","","","","10","10","10","10","10","10","10","10","10","10","10","10","10","10","10","10","10","10","10","10","10","10","10",
"Oman","OMN","Compulsory education, duration (years)","SE.COM.DURS","","","","","","","","","","","","","","","","","","","","","","","","","","","","","","","","","","","","","","","","","","","","","","","","","","","","","","","","10","10","10","10","10","",
"Other small states","OSS","Compulsory education, duration (years)","SE.COM.DURS","","","","","","","","","","","","","","","","","","","","","","","","","","","","","","","","","","","","","","","8","8","8","9","9","9","9","9","9","9","9","9","9","9","9","9","9","9","9","9","9","9","",
"Pakistan","PAK","Compulsory education, duration (years)","SE.COM.DURS","","","","","","","","","","","","","","","","","","","","","","","","","","","","","","","","","","","","","","","12","12","12","12","12","12","12","12","12","12","12","12","12","12","12","12","12","12","12","12","12","12","",
"Panama","PAN","Compulsory education, duration (years)","SE.COM.DURS","","","","","","","","","","","","","","","","","","","","","","","","","","","","","","","","","","","","","","","11","11","11","11","11","11","11","11","11","11","11","11","11","11","11","11","11","11","11","11","11","11","",
"Peru","PER","Compulsory education, duration (years)","SE.COM.DURS","","","","","","","","","","","","","","","","","","","","","","","","","","","","","","","","","","","","","","","12","12","12","12","12","12","12","12","12","12","12","12","12","12","14","14","14","14","14","14","14","14","",
"Philippines","PHL","Compulsory education, duration (years)","SE.COM.DURS","","","","","","","","","","","","","","","","","","","","","","","","","","","","","","","","","","","","","","","10","10","10","10","10","10","10","10","10","10","10","10","11","11","11","11","11","11","11","11","13","13","",
"Palau","PLW","Compulsory education, duration (years)","SE.COM.DURS","","","","","","","","","","","","","","","","","","","","","","","","","","","","","","","","","","","","","","","","","","12","12","12","12","12","12","12","12","12","12","12","12","12","12","12","12","12","12","12","",
"Papua New Guinea","PNG","Compulsory education, duration (years)","SE.COM.DURS","","","","","","","","","","","","","","","","","","","","","","","","","","","","","","","","","","","","","","","","","","","","","","","","","","","","","","","","","","","","","",
"Poland","POL","Compulsory education, duration (years)","SE.COM.DURS","","","","","","","","","","","","","","","","","","","","","","","","","","","","","","","","","","","","","","","","","9","9","9","9","9","10","10","10","10","10","10","10","10","10","10","10","10","10","10","10","10",
"Pre-demographic dividend","PRE","Compulsory education, duration (years)","SE.COM.DURS","","","","","","","","","","","","","","","","","","","","","","","","","","","","","","","","","","","","","","","6.5","6.5","6.5","7","7","7","8","8","8","8","8.5","8.5","8","8","8","8.5","8.5","8.5","8.5","8.5","8.5","8.5","",
"Puerto Rico","PRI","Compulsory education, duration (years)","SE.COM.DURS","","","","","","","","","","","","","","","","","","","","","","","","","","","","","","","","","","","","","","14","13","13","13","16","16","16","16","16","16","16","16","13","13","13","13","13","13","13","13","13","13","13","",
"Korea, Dem. People's Rep.","PRK","Compulsory education, duration (years)","SE.COM.DURS","","","","","","","","","","","","","","","","11","11","11","11","11","11","11","11","11","11","11","11","11","11","11","11","11","11","11","11","11","11","11","11","11","11","11","11","11","11","11","11","11","11","11","11","11","11","11","12","12","12","12","12","12","",
"Portugal","PRT","Compulsory education, duration (years)","SE.COM.DURS","","","","","","","","","","","","","","","","","","","","","","","","","","","","","","","","","","","","","","","9","9","9","9","9","9","9","9","9","9","9","12","12","12","12","12","12","12","12","12","12","12","12",
"Paraguay","PRY","Compulsory education, duration (years)","SE.COM.DURS","","","","","","","","","","","","","","","","","","","","","","","","","","","","","","","","","","","","","","","9","9","9","9","9","9","9","9","9","9","9","9","9","13","13","13","13","13","13","13","13","13","",
"West Bank and Gaza","PSE","Compulsory education, duration (years)","SE.COM.DURS","","","","","","","","","","","","","","","","","","","","","","","","","","","","","","","","","","","","","","","10","10","10","10","10","10","10","10","10","10","10","10","10","10","10","10","10","10","10","10","10","10","",
"Pacific island small states","PSS","Compulsory education, duration (years)","SE.COM.DURS","","","","","","","","","","","","","","","","","","","","","","","","","","","","","","","","","","","","","","","","","","","","","","","","","","","","","","","","","","","","","",
"Post-demographic dividend","PST","Compulsory education, duration (years)","SE.COM.DURS","","","","","","","","","","","","","","","","","","","","","","","","","","","","","","","","","","","","","","","9","9","9","9","9","9.5","9","9","9","9","10","10","10","10","10","10","10","10","10","10","10","10","11",
"French Polynesia","PYF","Compulsory education, duration (years)","SE.COM.DURS","","","","","","","","","","","","","","","","","","","","","","","","","","","","","","","","","","","","","","","","","","","","","","","","","","","","","","","","","","","","","",
"Qatar","QAT","Compulsory education, duration (years)","SE.COM.DURS","","","","","","","","","","","","","","","","","","","","","","","","","","","","","","","","","","","","","","","","","","9","9","9","9","9","9","9","9","9","9","9","9","9","9","9","9","9","9","9","",
"Romania","ROU","Compulsory education, duration (years)","SE.COM.DURS","","","","","","","","","","","","","","","","","","","","","","","","","","","","","","","","","","","","","","","","8","8","8","8","10","10","10","10","10","10","10","10","10","10","10","10","10","10","10","10","10","10",
"Russian Federation","RUS","Compulsory education, duration (years)","SE.COM.DURS","","","","","","","","","","","","","","","","","","","","","","","","","","","","","","","","","","","","","","","8","8","8","8","8","8","9","9","9","9","9","9","9","9","9","11","11","11","11","11","11","11","11",
"Rwanda","RWA","Compulsory education, duration (years)","SE.COM.DURS","","","","","","","","","","","","","","","","","","","","","","","","","","","","","","","","","","","","","","","6","6","6","6","6","6","6","6","6","6","6","6","6","6","6","6","6","6","6","6","6","6","",
"South Asia","SAS","Compulsory education, duration (years)","SE.COM.DURS","","","","","","","","","","","","","","","","","","","","","","","","","","","","","","","","","","","","","","","7.5","7.5","7.5","7.5","7.5","7.5","7.5","7.5","7.5","7.5","9","9","9","9","9","9","9","9","9.5","9.5","9.5","9.5","",
"Saudi Arabia","SAU","Compulsory education, duration (years)","SE.COM.DURS","","","","","","","","","","","","","","","","","","","","","","","","","","","","","","","","","","","","","","","","","","","","","9","9","9","9","9","9","9","9","9","9","9","9","9","9","9","9","",
"Sudan","SDN","Compulsory education, duration (years)","SE.COM.DURS","","","","","","","","","","","","","","","","","","","","","","","","","","","","","","","","","","","","","","","","","","","","","","6","6","6","6","6","8","8","8","8","8","8","8","8","8","8","",
"Senegal","SEN","Compulsory education, duration (years)","SE.COM.DURS","","","","","","","","","","","","","","","","","","","","","","","","","","","","","","","","","","","","","","","6","6","6","6","6","6","11","11","11","11","11","11","11","11","11","11","11","11","11","11","11","11","",
"Singapore","SGP","Compulsory education, duration (years)","SE.COM.DURS","","","","","","","","","","","","","","","","","","","","","","","","","","","","","","","","","","","","","","","","","6","6","6","6","6","6","6","6","6","6","6","6","6","6","6","6","6","6","6","6","",
"Solomon Islands","SLB","Compulsory education, duration (years)","SE.COM.DURS","","","","","","","","","","","","","","","","","","","","","","","","","","","","","","","","","","","","","","","","","","","","","","","","","","","","","","","","","","","","","",
"Sierra Leone","SLE","Compulsory education, duration (years)","SE.COM.DURS","","","","","","","","","","","","","","","","","","","","","","","","","","","","","","","","","","","","","","","","","","","","","9","9","9","9","9","9","9","9","9","9","9","9","9","9","9","9","",
"El Salvador","SLV","Compulsory education, duration (years)","SE.COM.DURS","","","","","","","","","","","","","","","","","","","","","","","","","","","","","","","","","","","","","","","9","9","9","9","9","9","9","9","9","9","9","9","9","9","9","12","15","15","15","15","15","15","",
"San Marino","SMR","Compulsory education, duration (years)","SE.COM.DURS","","","","","","","","","","","","","","","","","","","","","","","","","","","","","","","","","","","","","","","10","10","10","10","10","10","10","10","10","10","10","10","10","10","10","10","10","10","10","10","10","10","",
"Somalia","SOM","Compulsory education, duration (years)","SE.COM.DURS","","","","","","","","","","","","","","","","","","","","","","","","","","","","","","","","","","","","","","","","","","","","","","","","","","","","","","","","","","","","","",
"Serbia","SRB","Compulsory education, duration (years)","SE.COM.DURS","","","","","","","","","","","","","","","","","","","","","","","","","","","","","","","","","","","","","","","8","8","8","8","8","8","8","8","8","8","8","8","8","8","8","8","8","8","8","8","8","8","",
"Sub-Saharan Africa (excluding high income)","SSA","Compulsory education, duration (years)","SE.COM.DURS","","","","","","","","","","","","","","","","","","","","","","","","","","","","","","","","","","","","","","","7","7","7","8","8","8","8","8","8.5","8.5","8","8","8","8","8","8","8","8","8","8","8","8","",
"South Sudan","SSD","Compulsory education, duration (years)","SE.COM.DURS","","","","","","","","","","","","","","","","","","","","","","","","","","","","","","","","","","","","","","","","","","","","","","","","","8","8","8","8","8","8","8","8","8","8","8","8","",
"Sub-Saharan Africa","SSF","Compulsory education, duration (years)","SE.COM.DURS","","","","","","","","","","","","","","","","","","","","","","","","","","","","","","","","","","","","","","","7","7","7","8","8","7.5","8.5","8","9","9","8","8","8","8","8","8","8","8","8","8","8","8","",
"Small states","SST","Compulsory education, duration (years)","SE.COM.DURS","","","","","","","","","","","","","","","","","","","","","","","","","","","","","","","","","","","","","","","6.5","6.5","6.5","8","8","8","9","9","9","9","9","9","9","9","9","9","9","9","9","9","9","9","",
"Sao Tome and Principe","STP","Compulsory education, duration (years)","SE.COM.DURS","","","","","","","","","","","","","","","","","","","","","","","","","","","","","","","","","","","","","","","6","6","6","6","6","6","6","6","6","6","6","6","6","6","6","6","6","6","6","6","6","6","",
"Suriname","SUR","Compulsory education, duration (years)","SE.COM.DURS","","","","","","","","","","","","","","","","","","","","","","","","","","","","","","","","","","","","","","","6","6","6","6","6","6","6","6","6","6","6","6","6","6","6","6","6","6","6","6","6","6","",
"Slovak Republic","SVK","Compulsory education, duration (years)","SE.COM.DURS","","","","","","","","","","","","","","","","","","","","","","","","","","","","","","","","","","","","","","","10","10","10","10","10","10","10","10","10","10","10","10","10","10","10","10","10","10","10","10","10","10","10",
"Slovenia","SVN","Compulsory education, duration (years)","SE.COM.DURS","","","","","","","","","","","","","","","","","","","","","","","","","","","","","","","","","","","","","","","9","9","9","9","9","9","9","9","9","9","9","9","9","9","9","9","9","9","9","9","9","9","9",
"Sweden","SWE","Compulsory education, duration (years)","SE.COM.DURS","","","","","","","","","","","","","","","","","","","","","","","","","","","","","","","","","","","","","","","9","9","9","9","9","9","9","9","9","9","9","9","9","9","9","9","9","9","9","9","9","10","10",
"Eswatini","SWZ","Compulsory education, duration (years)","SE.COM.DURS","","","","","","","","","","","","","","","","","","","","","","","","","","","","","","","","","","","","","","","","","","","","","","","","","","","7","7","7","7","7","7","7","7","7","7","",
"Sint Maarten (Dutch part)","SXM","Compulsory education, duration (years)","SE.COM.DURS","","","","","","","","","","","","","","","","","","","","","","","","","","","","","","","","","","","","","","","","12","12","12","12","12","12","12","12","14","14","14","14","14","14","14","14","14","14","14","14","14","",
"Seychelles","SYC","Compulsory education, duration (years)","SE.COM.DURS","","","","","","","","","","","","","","","","","","","","","","","","","","","","","","","","","","","","","","","10","10","10","10","10","10","10","10","10","10","10","10","10","10","10","10","10","10","10","10","10","10","",
"Syrian Arab Republic","SYR","Compulsory education, duration (years)","SE.COM.DURS","","","","","","","","","","","","","","","","","","","","","","","","","","","","","","","","","","","","","","","6","6","6","6","9","9","9","9","9","9","9","9","9","9","9","9","9","9","9","9","9","9","",
"Turks and Caicos Islands","TCA","Compulsory education, duration (years)","SE.COM.DURS","","","","","","","","","","","","","","","","","","","","","","","","","","","","","","","","","","","","","","","13","13","13","13","13","13","13","13","13","13","13","13","13","13","13","13","13","13","13","13","13","13","",
"Chad","TCD","Compulsory education, duration (years)","SE.COM.DURS","","","","","","","","","","","","","","","","","","","","","","","","","","","","","","","","","","","","","","","6","6","6","6","6","6","6","6","10","10","10","10","10","10","10","10","10","10","10","10","10","10","",
"East Asia & Pacific (IDA & IBRD countries)","TEA","Compulsory education, duration (years)","SE.COM.DURS","","","","","","","","","","","","","","","","","","","","","","","","","","","","","","","","","","","","","","","6.5","8","8","8","9","9","9","9","9","9","9","9","9","9","9","9","9","9","9","9","9","9","",
"Europe & Central Asia (IDA & IBRD countries)","TEC","Compulsory education, duration (years)","SE.COM.DURS","","","","","","","","","","","","","","","","","","","","","","","","","","","","","","","","","","","","","","","9","9","9","9","9","9","9","9","9","9","9","9","9","9","9","10","10","10","10","10","10","10","",
"Togo","TGO","Compulsory education, duration (years)","SE.COM.DURS","","","","","","","","","","","","","","","","","","","","","","","","","","","","","","","","","","","","","","","10","10","10","10","10","10","10","10","10","10","10","10","10","10","10","10","10","10","10","10","10","10","",
"Thailand","THA","Compulsory education, duration (years)","SE.COM.DURS","","","","","","","","","","","","","","","","","","","","","","","","","","","","","","","","","","","","","","","","9","9","9","9","9","9","9","9","9","9","9","9","9","9","9","9","9","9","9","9","9","",
"Tajikistan","TJK","Compulsory education, duration (years)","SE.COM.DURS","","","","","","","","","","","","","","","","","","","","","","","","","","","","","","","","","","","","","","","9","9","9","9","9","9","9","9","9","9","9","9","9","9","9","9","9","9","9","9","9","9","",
"Turkmenistan","TKM","Compulsory education, duration (years)","SE.COM.DURS","","","","","","","","","","","","","","","","","","","","","","","","","","","","","","","","","","","","","","","9","9","9","9","9","9","9","9","9","9","9","10","10","10","10","10","12","12","12","12","12","12","12",
"Latin America & the Caribbean (IDA & IBRD countries)","TLA","Compulsory education, duration (years)","SE.COM.DURS","","","","","","","","","","","","","","","","","","","","","","","","","","","","","","","","","","","","","","","9","9","9","9","9","9","9","9","9","9","10","10","11","12","13","13","13","14","14","14","14","14","",
"Timor-Leste","TLS","Compulsory education, duration (years)","SE.COM.DURS","","","","","","","","","","","","","","","","","","","","","","","","","","","","","","","","","","","","","","","","","6","6","6","6","6","6","6","6","9","9","9","9","9","9","9","9","9","9","9","9","",
"Middle East & North Africa (IDA & IBRD countries)","TMN","Compulsory education, duration (years)","SE.COM.DURS","","","","","","","","","","","","","","","","","","","","","","","","","","","","","","","","","","","","","","","7.5","7.5","9","9","9","9","9","9","9","9","9","9","9","9","9","9","9","9","9","9","9","9","",
"Tonga","TON","Compulsory education, duration (years)","SE.COM.DURS","","","","","","","","","","","","","","","","","","","","","","","","","","","","","","","","","","","","","","","6","6","6","6","6","6","6","6","6","6","6","6","6","6","8","8","15","15","15","15","15","15","",
"South Asia (IDA & IBRD)","TSA","Compulsory education, duration (years)","SE.COM.DURS","","","","","","","","","","","","","","","","","","","","","","","","","","","","","","","","","","","","","","","7.5","7.5","7.5","7.5","7.5","7.5","7.5","7.5","7.5","7.5","9","9","9","9","9","9","9","9","9.5","9.5","9.5","9.5","",
"Sub-Saharan Africa (IDA & IBRD countries)","TSS","Compulsory education, duration (years)","SE.COM.DURS","","","","","","","","","","","","","","","","","","","","","","","","","","","","","","","","","","","","","","","7","7","7","8","8","7.5","8.5","8","9","9","8","8","8","8","8","8","8","8","8","8","8","8","",
"Trinidad and Tobago","TTO","Compulsory education, duration (years)","SE.COM.DURS","","","","","","","","","","","","","","","","","","","","","","","","","","","","","","","","","","","","","","","6","6","6","6","6","6","6","6","6","6","6","6","6","6","6","6","7","7","7","7","7","7","",
"Tunisia","TUN","Compulsory education, duration (years)","SE.COM.DURS","","","","","","","","","","","","","","","","","","","","","","","","","","","","","","","","","","","","","","","","","","","9","9","9","9","9","9","9","9","9","9","9","9","9","9","9","9","9","9","",
"Turkey","TUR","Compulsory education, duration (years)","SE.COM.DURS","","","","","","","","","","","","","","","","","","","","","","","","","","","","","","","","","","","","","","","8","8","8","8","8","8","8","8","8","8","8","8","8","8","12","12","12","12","12","12","12","12","",
"Tuvalu","TUV","Compulsory education, duration (years)","SE.COM.DURS","","","","","","","","","","","","","","","","","","","","","","","","","","","","","","","","","","","","","","","","","","","","","","","","","8","8","8","8","8","8","8","8","8","8","8","8","",
"Tanzania","TZA","Compulsory education, duration (years)","SE.COM.DURS","","","","","","","","","","","","","","","","","","","","","","","","","","","","","","","","","","","","","","","7","7","7","7","7","7","7","7","7","7","7","7","7","7","7","7","7","7","7","7","7","7","",
"Uganda","UGA","Compulsory education, duration (years)","SE.COM.DURS","","","","","","","","","","","","","","","","","","","","","","","","","","","","","","","","","","","","","","","","","","","","","","","","","7","7","7","7","7","7","7","7","7","7","7","7","",
"Ukraine","UKR","Compulsory education, duration (years)","SE.COM.DURS","","","","","","","","","","","","","","","","","","","","","","","","","","","","","","","","","","","","","","","10","10","10","10","10","11","11","11","11","11","11","11","11","11","11","11","11","11","11","11","11","11","",
"Upper middle income","UMC","Compulsory education, duration (years)","SE.COM.DURS","","","","","","","","","","","","","","","","","","","","","","","","","","","","","","","","","","","","","","","9","9","9","9","9","9","9","9","9","9","9","9","9","9","9","10","10","10","10","10","10","10","",
"Uruguay","URY","Compulsory education, duration (years)","SE.COM.DURS","","","","","","","","","","","","","","","","","","","","","","","","","","","","","","","","","","","","","","","9","9","9","9","9","9","9","9","9","9","14","14","14","14","14","14","14","14","14","14","14","14","",
"United States","USA","Compulsory education, duration (years)","SE.COM.DURS","","","","","","","","","","","","","","","","","","","","","","","","","","","","","","","","","","","","","","","12","12","12","12","12","12","12","12","12","12","12","12","12","12","12","12","12","12","12","12","12","12","",
"Uzbekistan","UZB","Compulsory education, duration (years)","SE.COM.DURS","","","","","","","","","","","","","","","","","","","","","","","","","","","","","","","","","","","","","","11","11","11","11","11","11","11","11","11","11","11","11","11","11","12","12","12","12","12","12","12","12","12","12",
"St. Vincent and the Grenadines","VCT","Compulsory education, duration (years)","SE.COM.DURS","","","","","","","","","","","","","","","","","","","","","","","","","","","","","","","","","","","","","","","","","","","","","","12","12","12","12","12","12","12","12","12","12","12","12","12","12","12","",
"Venezuela, RB","VEN","Compulsory education, duration (years)","SE.COM.DURS","","","","","","","","","","","","","","","","","","","","","","","","","","","","","","","","","","","","","","","6","14","14","14","14","14","14","14","14","14","14","14","14","14","14","14","14","14","14","17","17","17","",
"British Virgin Islands","VGB","Compulsory education, duration (years)","SE.COM.DURS","","","","","","","","","","","","","","","","","","","","","","","","","","","","","","","","","","","","","","","12","12","12","12","12","12","12","12","12","12","12","12","12","12","12","12","12","12","12","12","12","12","",
"Virgin Islands (U.S.)","VIR","Compulsory education, duration (years)","SE.COM.DURS","","","","","","","","","","","","","","","","","","","","","","","","","","","","","","","","","","","","","","","","","","","","","","","","","","","","","","","","","","","","","",
"Vietnam","VNM","Compulsory education, duration (years)","SE.COM.DURS","","","","","","","","","","","","","","","","","","","","","","","","","","","","","","","","","","","","","","","5","5","5","5","5","5","5","9","9","9","9","9","9","9","9","9","9","10","10","10","10","10","",
"Vanuatu","VUT","Compulsory education, duration (years)","SE.COM.DURS","","","","","","","","","","","","","","","","","","","","","","","","","","","","","","","","","","","","","","","","","","","","","","","","","","","","","","","","","","","","","",
"World","WLD","Compulsory education, duration (years)","SE.COM.DURS","","","","","","","","","","","","","","","","","","","","","","","","","","","","","","","","","","","","","","","9","9","9","9","9","9","9","9","9","9","9","9","9","9","9","9","9","10","10","10","10","10","",
"Samoa","WSM","Compulsory education, duration (years)","SE.COM.DURS","","","","","","","","","","","","","","","","","","","","","","","","","","","","","","","","","","","","","","","8","8","8","8","8","8","8","8","8","8","8","8","8","8","8","8","8","8","8","8","8","8","",
"Kosovo","XKX","Compulsory education, duration (years)","SE.COM.DURS","","","","","","","","","","","","","","","","","","","","","","","","","","","","","","","","","","","","","","","","","","","","","","","","","","","","","","","","","","","","","",
"Yemen, Rep.","YEM","Compulsory education, duration (years)","SE.COM.DURS","","","","","","","","","","","","","","","","","","","","","","","","","","","","","","","","","","","","","","","9","9","9","9","9","9","9","9","9","9","9","9","9","9","9","9","9","9","9","9","9","9","",
"South Africa","ZAF","Compulsory education, duration (years)","SE.COM.DURS","","","","","","","","","","","","","","","","","","","","","","","","","","","","","","","","","","","","","","","9","9","9","9","9","9","9","9","9","9","9","9","9","9","9","9","9","9","9","9","9","9","",
"Zambia","ZMB","Compulsory education, duration (years)","SE.COM.DURS","","","","","","","","","","","","","","","","","","","","","","","","","","","","","","","","","","","","","","","7","7","7","7","7","7","7","7","7","7","7","7","7","7","7","7","7","7","7","7","7","7","",
"Zimbabwe","ZWE","Compulsory education, duration (years)","SE.COM.DURS","","","","","","","","","","","","","","","","","","","","","","","","","","","","","","","","","","","","","","","7","7","7","7","7","7","7","7","7","7","7","7","7","7","7","7","7","7","7","7","7","7","",
